manual,product,entry_index,chars,images
VR头显手册.txt,VR头显,all,5030,10
人体工学椅手册.txt,人体工学椅,all,556,16
健身单车手册.txt,健身单车,all,10824,43
健身追踪器手册.txt,健身追踪器,all,12982,57
儿童电动摩托车手册.txt,儿童电动摩托车,all,5118,23
冰箱手册.txt,冰箱,all,7541,58
功能键盘手册.txt,功能键盘,all,4213,19
发电机手册.txt,发电机,all,9166,101
可编程温控器手册.txt,可编程温控器,all,5097,58
吹风机手册.txt,吹风机,all,7415,54
摩托艇手册.txt,摩托艇,all,6972,35
水泵手册.txt,水泵,all,5359,78
洗碗机手册.txt,洗碗机,all,14114,30
烤箱手册.txt,烤箱,all,6210,30
电钻手册.txt,电钻,all,10895,26
相机手册.txt,相机,all,15839,87
空气净化器手册.txt,空气净化器,all,2966,27
空调手册.txt,空调,all,7385,36
英文汇总手册.txt,"Digital, single-lens reflex, AF/AE camera",0,168111,324
英文汇总手册.txt,Espresso,1,16812,50
英文汇总手册.txt,Airfryer,2,23658,36
英文汇总手册.txt,2021 Boat 210FSH SPORT 210FSH DELUXE,3,161620,294
英文汇总手册.txt,2005 WaveRunner,4,49388,101
英文汇总手册.txt,MFC-J6955DW,5,32294,24
英文汇总手册.txt,Active Noise Canceling Truly Wireless Earphones,6,9356,21
英文汇总手册.txt,E Reader,7,19837,22
英文汇总手册.txt,Grill,8,35984,81
英文汇总手册.txt,Snowmobile,9,84507,256
英文汇总手册.txt,Color Television,10,32390,52
英文汇总手册.txt,VACUUM,11,13398,23
英文汇总手册.txt,Camera Installation Guide,12,5729,17
英文汇总手册.txt,Toothbrush,13,22381,35
英文汇总手册.txt,Washing Machine,14,8212,38
英文汇总手册.txt,MULTI-USE PRESSURE COOKER AND AIR FRYER-5.7AND8LITRE,15,41881,46
英文汇总手册.txt,Over-the-Range Microwave,16,53897,60
英文汇总手册.txt,Motherboard,17,117362,99
英文汇总手册.txt,XL490 XL495,18,67976,62
英文汇总手册.txt,Riding lawn mower,19,115088,142
蒸汽清洁机手册.txt,蒸汽清洁机,all,3359,17
蓝牙激光鼠标手册.txt,蓝牙激光鼠标,all,3254,19
